-- phpMyAdmin SQL Dump
-- version 5.1.1
-- https://www.phpmyadmin.net/
--
-- Host: 127.0.0.1
-- Waktu pembuatan: 04 Jan 2023 pada 13.03
-- Versi server: 10.4.22-MariaDB
-- Versi PHP: 8.0.13

SET SQL_MODE = "NO_AUTO_VALUE_ON_ZERO";
START TRANSACTION;
SET time_zone = "+00:00";


/*!40101 SET @OLD_CHARACTER_SET_CLIENT=@@CHARACTER_SET_CLIENT */;
/*!40101 SET @OLD_CHARACTER_SET_RESULTS=@@CHARACTER_SET_RESULTS */;
/*!40101 SET @OLD_COLLATION_CONNECTION=@@COLLATION_CONNECTION */;
/*!40101 SET NAMES utf8mb4 */;

--
-- Database: `pos`
--

-- --------------------------------------------------------

--
-- Struktur dari tabel `failed_jobs`
--

CREATE TABLE `failed_jobs` (
  `id` bigint(20) UNSIGNED NOT NULL,
  `uuid` varchar(255) COLLATE utf8mb4_unicode_ci NOT NULL,
  `connection` text COLLATE utf8mb4_unicode_ci NOT NULL,
  `queue` text COLLATE utf8mb4_unicode_ci NOT NULL,
  `payload` longtext COLLATE utf8mb4_unicode_ci NOT NULL,
  `exception` longtext COLLATE utf8mb4_unicode_ci NOT NULL,
  `failed_at` timestamp NOT NULL DEFAULT current_timestamp()
) ENGINE=InnoDB DEFAULT CHARSET=utf8mb4 COLLATE=utf8mb4_unicode_ci;

-- --------------------------------------------------------

--
-- Struktur dari tabel `kategori`
--

CREATE TABLE `kategori` (
  `id_kategori` int(10) UNSIGNED NOT NULL,
  `nama_kategori` varchar(255) COLLATE utf8mb4_unicode_ci NOT NULL,
  `created_at` timestamp NULL DEFAULT NULL,
  `updated_at` timestamp NULL DEFAULT NULL
) ENGINE=InnoDB DEFAULT CHARSET=utf8mb4 COLLATE=utf8mb4_unicode_ci;

--
-- Dumping data untuk tabel `kategori`
--

INSERT INTO `kategori` (`id_kategori`, `nama_kategori`, `created_at`, `updated_at`) VALUES
(1, 'Bahan Dapur', '2022-11-30 02:34:40', '2022-11-30 02:35:27'),
(2, 'Snack', '2022-11-30 02:34:54', '2022-11-30 02:34:54');

-- --------------------------------------------------------

--
-- Struktur dari tabel `member`
--

CREATE TABLE `member` (
  `id_member` int(10) UNSIGNED NOT NULL,
  `kode_member` varchar(255) COLLATE utf8mb4_unicode_ci NOT NULL,
  `nama` varchar(255) COLLATE utf8mb4_unicode_ci NOT NULL,
  `alamat` text COLLATE utf8mb4_unicode_ci DEFAULT NULL,
  `telepon` varchar(255) COLLATE utf8mb4_unicode_ci NOT NULL,
  `created_at` timestamp NULL DEFAULT NULL,
  `updated_at` timestamp NULL DEFAULT NULL
) ENGINE=InnoDB DEFAULT CHARSET=utf8mb4 COLLATE=utf8mb4_unicode_ci;

--
-- Dumping data untuk tabel `member`
--

INSERT INTO `member` (`id_member`, `kode_member`, `nama`, `alamat`, `telepon`, `created_at`, `updated_at`) VALUES
(1, '00001', 'Fahmi', 'Jl. Bulak Setro 4 No 94', '+6285708557737', '2022-11-06 04:39:12', '2022-11-06 04:39:12'),
(2, '00002', 'Kholiqul', 'Jl. Nginden II E no. 25E', '+6282244007536', '2022-11-30 02:43:54', '2022-11-30 02:44:22');

-- --------------------------------------------------------

--
-- Struktur dari tabel `migrations`
--

CREATE TABLE `migrations` (
  `id` int(10) UNSIGNED NOT NULL,
  `migration` varchar(255) COLLATE utf8mb4_unicode_ci NOT NULL,
  `batch` int(11) NOT NULL
) ENGINE=InnoDB DEFAULT CHARSET=utf8mb4 COLLATE=utf8mb4_unicode_ci;

--
-- Dumping data untuk tabel `migrations`
--

INSERT INTO `migrations` (`id`, `migration`, `batch`) VALUES
(1, '2014_10_12_000000_create_users_table', 1),
(2, '2014_10_12_100000_create_password_resets_table', 1),
(3, '2014_10_12_200000_add_two_factor_columns_to_users_table', 1),
(4, '2019_08_19_000000_create_failed_jobs_table', 1),
(5, '2019_12_14_000001_create_personal_access_tokens_table', 1),
(6, '2021_03_05_194740_tambah_kolom_baru_to_users_table', 1),
(7, '2021_03_05_195441_buat_kategori_table', 1),
(8, '2021_03_05_195949_buat_produk_table', 1),
(9, '2021_03_05_200515_buat_member_table', 1),
(10, '2021_03_05_200706_buat_supplier_table', 1),
(11, '2021_03_05_200841_buat_pembelian_table', 1),
(12, '2021_03_05_200845_buat_pembelian_detail_table', 1),
(13, '2021_03_05_200853_buat_penjualan_table', 1),
(14, '2021_03_05_200858_buat_penjualan_detail_table', 1),
(15, '2021_03_05_200904_buat_setting_table', 1),
(16, '2021_03_05_201756_buat_pengeluaran_table', 1),
(17, '2021_03_11_225128_create_sessions_table', 1),
(18, '2021_03_24_115009_tambah_foreign_key_to_produk_table', 1),
(19, '2021_03_24_131829_tambah_kode_produk_to_produk_table', 1),
(20, '2021_05_08_220315_tambah_diskon_to_setting_table', 1),
(21, '2021_05_09_124745_edit_id_member_to_penjualan_table', 1);

-- --------------------------------------------------------

--
-- Struktur dari tabel `password_resets`
--

CREATE TABLE `password_resets` (
  `email` varchar(255) COLLATE utf8mb4_unicode_ci NOT NULL,
  `token` varchar(255) COLLATE utf8mb4_unicode_ci NOT NULL,
  `created_at` timestamp NULL DEFAULT NULL
) ENGINE=InnoDB DEFAULT CHARSET=utf8mb4 COLLATE=utf8mb4_unicode_ci;

-- --------------------------------------------------------

--
-- Struktur dari tabel `pembelian`
--

CREATE TABLE `pembelian` (
  `id_pembelian` int(10) UNSIGNED NOT NULL,
  `id_supplier` int(11) NOT NULL,
  `total_item` int(11) NOT NULL,
  `total_harga` int(11) NOT NULL,
  `diskon` tinyint(4) NOT NULL DEFAULT 0,
  `bayar` int(11) NOT NULL DEFAULT 0,
  `created_at` timestamp NULL DEFAULT NULL,
  `updated_at` timestamp NULL DEFAULT NULL
) ENGINE=InnoDB DEFAULT CHARSET=utf8mb4 COLLATE=utf8mb4_unicode_ci;

-- --------------------------------------------------------

--
-- Struktur dari tabel `pembelian_detail`
--

CREATE TABLE `pembelian_detail` (
  `id_pembelian_detail` int(10) UNSIGNED NOT NULL,
  `id_pembelian` int(11) NOT NULL,
  `id_produk` int(11) NOT NULL,
  `harga_beli` int(11) NOT NULL,
  `jumlah` int(11) NOT NULL,
  `subtotal` int(11) NOT NULL,
  `created_at` timestamp NULL DEFAULT NULL,
  `updated_at` timestamp NULL DEFAULT NULL
) ENGINE=InnoDB DEFAULT CHARSET=utf8mb4 COLLATE=utf8mb4_unicode_ci;

-- --------------------------------------------------------

--
-- Struktur dari tabel `pengeluaran`
--

CREATE TABLE `pengeluaran` (
  `id_pengeluaran` int(10) UNSIGNED NOT NULL,
  `deskripsi` text COLLATE utf8mb4_unicode_ci NOT NULL,
  `nominal` int(11) NOT NULL,
  `created_at` timestamp NULL DEFAULT NULL,
  `updated_at` timestamp NULL DEFAULT NULL
) ENGINE=InnoDB DEFAULT CHARSET=utf8mb4 COLLATE=utf8mb4_unicode_ci;

-- --------------------------------------------------------

--
-- Struktur dari tabel `penjualan`
--

CREATE TABLE `penjualan` (
  `id_penjualan` int(10) UNSIGNED NOT NULL,
  `id_member` int(11) DEFAULT NULL,
  `total_item` int(11) NOT NULL,
  `total_harga` int(11) NOT NULL,
  `diskon` tinyint(4) NOT NULL DEFAULT 0,
  `bayar` int(11) NOT NULL DEFAULT 0,
  `diterima` int(11) NOT NULL DEFAULT 0,
  `id_user` int(11) NOT NULL,
  `created_at` timestamp NULL DEFAULT NULL,
  `updated_at` timestamp NULL DEFAULT NULL
) ENGINE=InnoDB DEFAULT CHARSET=utf8mb4 COLLATE=utf8mb4_unicode_ci;

--
-- Dumping data untuk tabel `penjualan`
--

INSERT INTO `penjualan` (`id_penjualan`, `id_member`, `total_item`, `total_harga`, `diskon`, `bayar`, `diterima`, `id_user`, `created_at`, `updated_at`) VALUES
(1, NULL, 0, 0, 0, 0, 0, 20, '2022-11-06 04:29:06', '2022-11-06 04:29:06'),
(2, NULL, 0, 0, 0, 0, 0, 22, '2022-11-06 04:52:11', '2022-11-06 04:52:11'),
(3, NULL, 0, 0, 0, 0, 0, 22, '2022-11-06 04:56:43', '2022-11-06 04:56:43'),
(4, NULL, 0, 0, 0, 0, 0, 22, '2022-11-06 04:56:53', '2022-11-06 04:56:53'),
(5, NULL, 0, 0, 0, 0, 0, 22, '2022-11-06 04:57:12', '2022-11-06 04:57:12'),
(6, NULL, 0, 0, 0, 0, 0, 20, '2022-11-30 02:45:35', '2022-11-30 02:45:35'),
(7, NULL, 0, 0, 0, 0, 0, 20, '2022-11-30 02:46:00', '2022-11-30 02:46:00'),
(8, 1, 2, 56000, 5, 53200, 80000, 23, '2022-11-30 02:54:13', '2022-11-30 03:01:03'),
(9, NULL, 0, 0, 0, 0, 0, 23, '2022-11-30 03:03:22', '2022-11-30 03:03:22');

-- --------------------------------------------------------

--
-- Struktur dari tabel `penjualan_detail`
--

CREATE TABLE `penjualan_detail` (
  `id_penjualan_detail` int(10) UNSIGNED NOT NULL,
  `id_penjualan` int(11) NOT NULL,
  `id_produk` int(11) NOT NULL,
  `harga_jual` int(11) NOT NULL,
  `jumlah` int(11) NOT NULL,
  `diskon` tinyint(4) NOT NULL DEFAULT 0,
  `subtotal` int(11) NOT NULL,
  `created_at` timestamp NULL DEFAULT NULL,
  `updated_at` timestamp NULL DEFAULT NULL
) ENGINE=InnoDB DEFAULT CHARSET=utf8mb4 COLLATE=utf8mb4_unicode_ci;

--
-- Dumping data untuk tabel `penjualan_detail`
--

INSERT INTO `penjualan_detail` (`id_penjualan_detail`, `id_penjualan`, `id_produk`, `harga_jual`, `jumlah`, `diskon`, `subtotal`, `created_at`, `updated_at`) VALUES
(1, 8, 1, 28000, 2, 5, 56000, '2022-11-30 02:54:58', '2022-11-30 03:01:03');

-- --------------------------------------------------------

--
-- Struktur dari tabel `personal_access_tokens`
--

CREATE TABLE `personal_access_tokens` (
  `id` bigint(20) UNSIGNED NOT NULL,
  `tokenable_type` varchar(255) COLLATE utf8mb4_unicode_ci NOT NULL,
  `tokenable_id` bigint(20) UNSIGNED NOT NULL,
  `name` varchar(255) COLLATE utf8mb4_unicode_ci NOT NULL,
  `token` varchar(64) COLLATE utf8mb4_unicode_ci NOT NULL,
  `abilities` text COLLATE utf8mb4_unicode_ci DEFAULT NULL,
  `last_used_at` timestamp NULL DEFAULT NULL,
  `created_at` timestamp NULL DEFAULT NULL,
  `updated_at` timestamp NULL DEFAULT NULL
) ENGINE=InnoDB DEFAULT CHARSET=utf8mb4 COLLATE=utf8mb4_unicode_ci;

-- --------------------------------------------------------

--
-- Struktur dari tabel `produk`
--

CREATE TABLE `produk` (
  `id_produk` int(10) UNSIGNED NOT NULL,
  `id_kategori` int(10) UNSIGNED NOT NULL,
  `kode_produk` varchar(255) COLLATE utf8mb4_unicode_ci NOT NULL,
  `nama_produk` varchar(255) COLLATE utf8mb4_unicode_ci NOT NULL,
  `merk` varchar(255) COLLATE utf8mb4_unicode_ci DEFAULT NULL,
  `harga_beli` int(11) NOT NULL,
  `diskon` tinyint(4) NOT NULL DEFAULT 0,
  `harga_jual` int(11) NOT NULL,
  `stok` int(11) NOT NULL,
  `created_at` timestamp NULL DEFAULT NULL,
  `updated_at` timestamp NULL DEFAULT NULL
) ENGINE=InnoDB DEFAULT CHARSET=utf8mb4 COLLATE=utf8mb4_unicode_ci;

--
-- Dumping data untuk tabel `produk`
--

INSERT INTO `produk` (`id_produk`, `id_kategori`, `kode_produk`, `nama_produk`, `merk`, `harga_beli`, `diskon`, `harga_jual`, `stok`, `created_at`, `updated_at`) VALUES
(1, 1, 'P000001', 'Minyak Goreng 2lt', 'Bimoli', 26000, 20, 28000, 3, '2022-11-30 02:38:16', '2022-11-30 03:01:03'),
(2, 2, 'P000002', 'Taro 50gr', 'Taro', 5000, 0, 5500, 150, '2022-11-30 02:41:16', '2022-11-30 02:41:16'),
(3, 1, 'P000003', 'Garam', 'Kapal', 4500, 0, 5000, 5000, '2022-11-30 02:41:45', '2022-11-30 02:41:45');

-- --------------------------------------------------------

--
-- Struktur dari tabel `sessions`
--

CREATE TABLE `sessions` (
  `id` varchar(255) COLLATE utf8mb4_unicode_ci NOT NULL,
  `user_id` bigint(20) UNSIGNED DEFAULT NULL,
  `ip_address` varchar(45) COLLATE utf8mb4_unicode_ci DEFAULT NULL,
  `user_agent` text COLLATE utf8mb4_unicode_ci DEFAULT NULL,
  `payload` text COLLATE utf8mb4_unicode_ci NOT NULL,
  `last_activity` int(11) NOT NULL
) ENGINE=InnoDB DEFAULT CHARSET=utf8mb4 COLLATE=utf8mb4_unicode_ci;

-- --------------------------------------------------------

--
-- Struktur dari tabel `setting`
--

CREATE TABLE `setting` (
  `id_setting` int(10) UNSIGNED NOT NULL,
  `nama_perusahaan` varchar(255) COLLATE utf8mb4_unicode_ci NOT NULL,
  `alamat` text COLLATE utf8mb4_unicode_ci DEFAULT NULL,
  `telepon` varchar(255) COLLATE utf8mb4_unicode_ci NOT NULL,
  `tipe_nota` tinyint(4) NOT NULL,
  `diskon` smallint(6) NOT NULL DEFAULT 0,
  `path_logo` varchar(255) COLLATE utf8mb4_unicode_ci NOT NULL,
  `path_kartu_member` varchar(255) COLLATE utf8mb4_unicode_ci NOT NULL,
  `created_at` timestamp NULL DEFAULT NULL,
  `updated_at` timestamp NULL DEFAULT NULL
) ENGINE=InnoDB DEFAULT CHARSET=utf8mb4 COLLATE=utf8mb4_unicode_ci;

--
-- Dumping data untuk tabel `setting`
--

INSERT INTO `setting` (`id_setting`, `nama_perusahaan`, `alamat`, `telepon`, `tipe_nota`, `diskon`, `path_logo`, `path_kartu_member`, `created_at`, `updated_at`) VALUES
(1, 'Bagus Jaya Sentosa', 'Jl. Kibandang Samaran Ds. Slangit', '081234779987', 1, 5, '/img/logo-20221130100754.png', '/img/member.png', NULL, '2022-11-30 03:07:54');

-- --------------------------------------------------------

--
-- Struktur dari tabel `supplier`
--

CREATE TABLE `supplier` (
  `id_supplier` int(10) UNSIGNED NOT NULL,
  `nama` varchar(255) COLLATE utf8mb4_unicode_ci NOT NULL,
  `alamat` text COLLATE utf8mb4_unicode_ci DEFAULT NULL,
  `telepon` varchar(255) COLLATE utf8mb4_unicode_ci NOT NULL,
  `created_at` timestamp NULL DEFAULT NULL,
  `updated_at` timestamp NULL DEFAULT NULL
) ENGINE=InnoDB DEFAULT CHARSET=utf8mb4 COLLATE=utf8mb4_unicode_ci;

-- --------------------------------------------------------

--
-- Struktur dari tabel `users`
--

CREATE TABLE `users` (
  `id` bigint(20) UNSIGNED NOT NULL,
  `name` varchar(255) COLLATE utf8mb4_unicode_ci NOT NULL,
  `email` varchar(255) COLLATE utf8mb4_unicode_ci NOT NULL,
  `email_verified_at` timestamp NULL DEFAULT NULL,
  `password` varchar(255) COLLATE utf8mb4_unicode_ci NOT NULL,
  `foto` varchar(255) COLLATE utf8mb4_unicode_ci DEFAULT NULL,
  `level` tinyint(4) NOT NULL DEFAULT 0,
  `two_factor_secret` text COLLATE utf8mb4_unicode_ci DEFAULT NULL,
  `two_factor_recovery_codes` text COLLATE utf8mb4_unicode_ci DEFAULT NULL,
  `remember_token` varchar(100) COLLATE utf8mb4_unicode_ci DEFAULT NULL,
  `current_team_id` bigint(20) UNSIGNED DEFAULT NULL,
  `profile_photo_path` text COLLATE utf8mb4_unicode_ci DEFAULT NULL,
  `created_at` timestamp NULL DEFAULT NULL,
  `updated_at` timestamp NULL DEFAULT NULL
) ENGINE=InnoDB DEFAULT CHARSET=utf8mb4 COLLATE=utf8mb4_unicode_ci;

--
-- Dumping data untuk tabel `users`
--

INSERT INTO `users` (`id`, `name`, `email`, `email_verified_at`, `password`, `foto`, `level`, `two_factor_secret`, `two_factor_recovery_codes`, `remember_token`, `current_team_id`, `profile_photo_path`, `created_at`, `updated_at`) VALUES
(20, 'Administrator', 'admin@gmail.com', NULL, '$2y$10$52Z37Vw4nVLwTAoyP/qDnuHuqbBY1tjoN2W0LdGEo1J9lpS57Qex2', '/img/user.jpg', 1, NULL, NULL, NULL, NULL, NULL, '2022-11-06 04:25:52', '2022-11-06 04:25:52'),
(21, 'Kasir 1', 'kasir1@gmail.com', NULL, '$2y$10$qdyLoWof22silXza38lPquIjCSWPSqxd2AYOtfMq7DCUVsASYWF4.', '/img/user.jpg', 2, NULL, NULL, NULL, NULL, NULL, '2022-11-06 04:25:52', '2022-11-06 04:25:52'),
(22, 'Admin', 'admin@email.com', NULL, '$2y$10$1XLgJNpsatbCXt9Bg1lgGehkrZd6xxTb/4xDV2xlXONeQh7MdwBTG', '/img/user.jpg', 2, NULL, NULL, NULL, NULL, NULL, '2022-11-06 04:40:49', '2022-11-06 04:40:49'),
(23, 'Bougenvil', 'kasir3@gmail.com', NULL, '$2y$10$wpiBSyM4ApFxal0W/LlQheEHwrTiHBxDZqVpcZrQ68DdIdN2uHJAC', '/img/user.jpg', 2, NULL, NULL, NULL, NULL, NULL, '2022-11-30 02:52:56', '2022-11-30 02:52:56');

--
-- Indexes for dumped tables
--

--
-- Indeks untuk tabel `failed_jobs`
--
ALTER TABLE `failed_jobs`
  ADD PRIMARY KEY (`id`),
  ADD UNIQUE KEY `failed_jobs_uuid_unique` (`uuid`);

--
-- Indeks untuk tabel `kategori`
--
ALTER TABLE `kategori`
  ADD PRIMARY KEY (`id_kategori`),
  ADD UNIQUE KEY `kategori_nama_kategori_unique` (`nama_kategori`);

--
-- Indeks untuk tabel `member`
--
ALTER TABLE `member`
  ADD PRIMARY KEY (`id_member`),
  ADD UNIQUE KEY `member_kode_member_unique` (`kode_member`);

--
-- Indeks untuk tabel `migrations`
--
ALTER TABLE `migrations`
  ADD PRIMARY KEY (`id`);

--
-- Indeks untuk tabel `password_resets`
--
ALTER TABLE `password_resets`
  ADD KEY `password_resets_email_index` (`email`);

--
-- Indeks untuk tabel `pembelian`
--
ALTER TABLE `pembelian`
  ADD PRIMARY KEY (`id_pembelian`);

--
-- Indeks untuk tabel `pembelian_detail`
--
ALTER TABLE `pembelian_detail`
  ADD PRIMARY KEY (`id_pembelian_detail`);

--
-- Indeks untuk tabel `pengeluaran`
--
ALTER TABLE `pengeluaran`
  ADD PRIMARY KEY (`id_pengeluaran`);

--
-- Indeks untuk tabel `penjualan`
--
ALTER TABLE `penjualan`
  ADD PRIMARY KEY (`id_penjualan`);

--
-- Indeks untuk tabel `penjualan_detail`
--
ALTER TABLE `penjualan_detail`
  ADD PRIMARY KEY (`id_penjualan_detail`);

--
-- Indeks untuk tabel `personal_access_tokens`
--
ALTER TABLE `personal_access_tokens`
  ADD PRIMARY KEY (`id`),
  ADD UNIQUE KEY `personal_access_tokens_token_unique` (`token`),
  ADD KEY `personal_access_tokens_tokenable_type_tokenable_id_index` (`tokenable_type`,`tokenable_id`);

--
-- Indeks untuk tabel `produk`
--
ALTER TABLE `produk`
  ADD PRIMARY KEY (`id_produk`),
  ADD UNIQUE KEY `produk_nama_produk_unique` (`nama_produk`),
  ADD UNIQUE KEY `produk_kode_produk_unique` (`kode_produk`),
  ADD KEY `produk_id_kategori_foreign` (`id_kategori`);

--
-- Indeks untuk tabel `sessions`
--
ALTER TABLE `sessions`
  ADD PRIMARY KEY (`id`),
  ADD KEY `sessions_user_id_index` (`user_id`),
  ADD KEY `sessions_last_activity_index` (`last_activity`);

--
-- Indeks untuk tabel `setting`
--
ALTER TABLE `setting`
  ADD PRIMARY KEY (`id_setting`);

--
-- Indeks untuk tabel `supplier`
--
ALTER TABLE `supplier`
  ADD PRIMARY KEY (`id_supplier`);

--
-- Indeks untuk tabel `users`
--
ALTER TABLE `users`
  ADD PRIMARY KEY (`id`),
  ADD UNIQUE KEY `users_email_unique` (`email`);

--
-- AUTO_INCREMENT untuk tabel yang dibuang
--

--
-- AUTO_INCREMENT untuk tabel `failed_jobs`
--
ALTER TABLE `failed_jobs`
  MODIFY `id` bigint(20) UNSIGNED NOT NULL AUTO_INCREMENT;

--
-- AUTO_INCREMENT untuk tabel `kategori`
--
ALTER TABLE `kategori`
  MODIFY `id_kategori` int(10) UNSIGNED NOT NULL AUTO_INCREMENT, AUTO_INCREMENT=3;

--
-- AUTO_INCREMENT untuk tabel `member`
--
ALTER TABLE `member`
  MODIFY `id_member` int(10) UNSIGNED NOT NULL AUTO_INCREMENT, AUTO_INCREMENT=3;

--
-- AUTO_INCREMENT untuk tabel `migrations`
--
ALTER TABLE `migrations`
  MODIFY `id` int(10) UNSIGNED NOT NULL AUTO_INCREMENT, AUTO_INCREMENT=22;

--
-- AUTO_INCREMENT untuk tabel `pembelian`
--
ALTER TABLE `pembelian`
  MODIFY `id_pembelian` int(10) UNSIGNED NOT NULL AUTO_INCREMENT;

--
-- AUTO_INCREMENT untuk tabel `pembelian_detail`
--
ALTER TABLE `pembelian_detail`
  MODIFY `id_pembelian_detail` int(10) UNSIGNED NOT NULL AUTO_INCREMENT;

--
-- AUTO_INCREMENT untuk tabel `pengeluaran`
--
ALTER TABLE `pengeluaran`
  MODIFY `id_pengeluaran` int(10) UNSIGNED NOT NULL AUTO_INCREMENT;

--
-- AUTO_INCREMENT untuk tabel `penjualan`
--
ALTER TABLE `penjualan`
  MODIFY `id_penjualan` int(10) UNSIGNED NOT NULL AUTO_INCREMENT, AUTO_INCREMENT=10;

--
-- AUTO_INCREMENT untuk tabel `penjualan_detail`
--
ALTER TABLE `penjualan_detail`
  MODIFY `id_penjualan_detail` int(10) UNSIGNED NOT NULL AUTO_INCREMENT, AUTO_INCREMENT=3;

--
-- AUTO_INCREMENT untuk tabel `personal_access_tokens`
--
ALTER TABLE `personal_access_tokens`
  MODIFY `id` bigint(20) UNSIGNED NOT NULL AUTO_INCREMENT;

--
-- AUTO_INCREMENT untuk tabel `produk`
--
ALTER TABLE `produk`
  MODIFY `id_produk` int(10) UNSIGNED NOT NULL AUTO_INCREMENT, AUTO_INCREMENT=4;

--
-- AUTO_INCREMENT untuk tabel `setting`
--
ALTER TABLE `setting`
  MODIFY `id_setting` int(10) UNSIGNED NOT NULL AUTO_INCREMENT, AUTO_INCREMENT=2;

--
-- AUTO_INCREMENT untuk tabel `supplier`
--
ALTER TABLE `supplier`
  MODIFY `id_supplier` int(10) UNSIGNED NOT NULL AUTO_INCREMENT;

--
-- AUTO_INCREMENT untuk tabel `users`
--
ALTER TABLE `users`
  MODIFY `id` bigint(20) UNSIGNED NOT NULL AUTO_INCREMENT, AUTO_INCREMENT=24;

--
-- Ketidakleluasaan untuk tabel pelimpahan (Dumped Tables)
--

--
-- Ketidakleluasaan untuk tabel `produk`
--
ALTER TABLE `produk`
  ADD CONSTRAINT `produk_id_kategori_foreign` FOREIGN KEY (`id_kategori`) REFERENCES `kategori` (`id_kategori`);
COMMIT;

/*!40101 SET CHARACTER_SET_CLIENT=@OLD_CHARACTER_SET_CLIENT */;
/*!40101 SET CHARACTER_SET_RESULTS=@OLD_CHARACTER_SET_RESULTS */;
/*!40101 SET COLLATION_CONNECTION=@OLD_COLLATION_CONNECTION */;
